{
  "IcoMoonType": "selection",
  "icons": [
    {
      "icon": {
        "paths": [
          "M1194.667 0h-1024c-70.4 0-127.36 57.6-127.36 128l-0.64 768c0 70.4 57.6 128 128 128h1024c70.4 0 128-57.6 128-128v-768c0-70.4-57.6-128-128-128zM1169.067 272l-452.48 282.88c-20.48 12.8-47.36 12.8-67.84 0l-452.48-282.88c-16-10.24-25.6-27.52-25.6-46.080 0-42.88 46.72-68.48 83.2-46.080l428.8 268.16 428.8-268.16c36.48-22.4 83.2 3.2 83.2 46.080 0 18.56-9.6 35.84-25.6 46.080z"
        ],
        "attrs": [
          {}
        ],
        "width": 1365,
        "isMulticolor": false,
        "isMulticolor2": false,
        "grid": 0,
        "tags": [
          "form-email"
        ]
      },
      "attrs": [
        {}
      ],
      "properties": {
        "order": 114,
        "id": 2,
        "name": "form-email",
        "prevSize": 32
      },
      "setIdx": 0,
      "setId": 5,
      "iconIdx": 0
    },
    {
      "icon": {
        "paths": [
          "M512 512c141.44 0 256-114.56 256-256s-114.56-256-256-256-256 114.56-256 256 114.56 256 256 256zM512 640c-170.88 0-512 85.76-512 256v64c0 35.2 28.8 64 64 64h896c35.2 0 64-28.8 64-64v-64c0-170.24-341.12-256-512-256z"
        ],
        "attrs": [
          {}
        ],
        "isMulticolor": false,
        "isMulticolor2": false,
        "grid": 0,
        "tags": [
          "form-man"
        ]
      },
      "attrs": [
        {}
      ],
      "properties": {
        "order": 115,
        "id": 1,
        "name": "form-man",
        "prevSize": 32
      },
      "setIdx": 0,
      "setId": 5,
      "iconIdx": 1
    },
    {
      "icon": {
        "paths": [
          "M877.422 667.253l-134.444-15.36c-3.684-0.457-7.947-0.717-12.272-0.717-29.114 0-55.47 11.807-74.54 30.895l-0.001 0.001-97.397 97.397c-149.797-76.222-272.596-198.495-348.818-348.826l97.924-97.924c19.084-19.071 30.888-45.424 30.888-74.534 0-4.325-0.261-8.588-0.767-12.776l0.050 0.504-15.338-133.398c-6.349-52.999-51.037-93.689-105.229-93.689-0.042 0-0.083 0-0.125 0l-91.568-0c-59.809 0-109.561 49.759-105.852 109.568 28.050 452.052 389.573 813.049 841.084 841.106 59.809 3.701 109.568-46.051 109.568-105.867v-91.568c0.527-53.467-39.702-98.458-93.162-104.814z"
        ],
        "attrs": [
          {}
        ],
        "isMulticolor": false,
        "isMulticolor2": false,
        "grid": 0,
        "tags": [
          "form-tel"
        ]
      },
      "attrs": [
        {}
      ],
      "properties": {
        "order": 116,
        "id": 0,
        "name": "form-tel",
        "prevSize": 32
      },
      "setIdx": 0,
      "setId": 5,
      "iconIdx": 2
    }
  ],
  "height": 1024,
  "preferences": {
    "showGlyphs": true,
    "showQuickUse": true,
    "showQuickUse2": true,
    "showSVGs": true,
    "fontPref": {
      "prefix": "icon-",
      "metadata": {
        "fontFamily": "icomoon"
      },
      "metrics": {
        "emSize": 1024,
        "baseline": 6.25,
        "whitespace": 50
      },
      "embed": false
    },
    "imagePref": {
      "prefix": "icon-",
      "png": true,
      "useClassSelector": true,
      "color": 0,
      "bgColor": 16777215,
      "classSelector": ".icon",
      "name": "icomoon"
    },
    "historySize": 50,
    "showCodes": true,
    "gridSize": 16
  }
}